{"cameraMode":{"drawMode":0,"name":"Shaded","section":"Shading Mode"},"sceneLighting":false,"audioPlay":false,"sceneViewState":{"m_AlwaysRefresh":false,"showFog":true,"showSkybox":true,"showFlares":true,"showImageEffects":true,"showParticleSystems":true,"showVisualEffectGraphs":true,"m_FxEnabled":true},"in2DMode":false,"pivot":{"x":-45.49597930908203,"y":0.18875789642333985,"z":-149.25482177734376},"rotation":{"x":0.30583852529525759,"y":0.41452351212501528,"z":-0.15020951628684998,"w":0.8438552618026733},"size":17.07476806640625,"orthographic":true}